date,ticker,momentum,signal
2016-01-31,AAPL,0.026934451675232784,0.0
2016-01-31,AMZN,0.8751588022584109,0.0
2016-01-31,IBM,-0.060904045425995146,0.0
2016-01-31,NOW,0.193552816392502,0.0
2016-01-31,NVDA,0.6794846972265645,0.0
2016-01-31,PLUG,-0.1760299682322879,0.0
2016-01-31,QUBT,1.0000000000000004,0.0
2016-01-31,RHM.DE,0.5694991552769324,0.0
2016-01-31,SPY,0.06160063793374437,0.0
2016-01-31,TSLA,0.13094309564241313,0.0
2016-02-29,AAPL,-0.16991588319311635,0.0
2016-02-29,AMZN,0.777909273700323,0.0
2016-02-29,IBM,-0.1285411292129054,0.0
2016-02-29,NOW,0.13506419005815684,0.0
2016-02-29,NVDA,0.5130615285039479,0.0
2016-02-29,PLUG,-0.3149350820252823,-1.0
2016-02-29,QUBT,-0.5,1.0
2016-02-29,RHM.DE,0.3658673797838692,0.0
2016-02-29,SPY,-0.012261595429360228,0.0
2016-02-29,TSLA,0.18033843760622936,0.0
2016-03-31,AAPL,-0.20751139906493365,0.0
2016-03-31,AMZN,0.5775329805754914,1.0
2016-03-31,IBM,-0.2026953868990773,0.0
2016-03-31,NOW,-0.21033257110406,0.0
2016-03-31,NVDA,0.4171800415271454,0.0
2016-03-31,PLUG,-0.2779922522244038,0.0
2016-03-31,QUBT,-0.6666666749450892,-1.0
2016-03-31,RHM.DE,0.46662825798434593,0.0
2016-03-31,SPY,-0.04646218477519726,0.0
2016-03-31,TSLA,0.01287278398421332,0.0
2016-04-30,AAPL,-0.2130853082418549,0.0
2016-04-30,AMZN,0.3099719536824246,1.0
2016-04-30,IBM,-0.2075498203270778,0.0
2016-04-30,NOW,-0.26542878399518954,0.0
2016-04-30,NVDA,0.43574589284810616,0.0
2016-04-30,PLUG,-0.18110237994310263,0.0
2016-04-30,QUBT,-0.6666666749450892,-1.0
2016-04-30,RHM.DE,0.43837271888775664,0.0
2016-04-30,SPY,-0.05652748615776526,0.0
2016-04-30,TSLA,-0.1509400684974851,0.0
2016-05-31,AAPL,-0.1514538695264378,0.0
2016-05-31,AMZN,0.38303468883373437,0.0
2016-05-31,IBM,-0.08214510919080908,0.0
2016-05-31,NOW,-0.2014097400110303,0.0
2016-05-31,NVDA,0.6288577371563102,0.0
2016-05-31,PLUG,-0.24632355487006308,0.0
2016-05-31,QUBT,-0.5,-1.0
2016-05-31,RHM.DE,0.46704262804130936,1.0
2016-05-31,SPY,-0.005844469976416522,0.0
2016-05-31,TSLA,-0.08385164659976863,0.0
2016-06-30,AAPL,-0.24196346329203766,0.0
2016-06-30,AMZN,0.5194775053783551,0.0
2016-06-30,IBM,-0.07752999355384516,0.0
2016-06-30,NOW,-0.038083626626803424,0.0
2016-06-30,NVDA,0.7874423750409174,1.0
2016-06-30,PLUG,-0.15918371318926683,0.0
2016-06-30,QUBT,-0.6666666749450892,-1.0
2016-06-30,RHM.DE,0.5020334716332109,0.0
2016-06-30,SPY,0.01876697966716545,0.0
2016-06-30,TSLA,-0.10251251897456659,0.0
2016-07-31,AAPL,-0.1598951222281806,0.0
2016-07-31,AMZN,0.3481114812245252,0.0
2016-07-31,IBM,-0.014790574511376331,0.0
2016-07-31,NOW,-0.11018636952275818,0.0
2016-07-31,NVDA,1.3753904703534534,1.0
2016-07-31,PLUG,-0.25868725069033216,0.0
2016-07-31,QUBT,-0.6666666749450892,-1.0
2016-07-31,RHM.DE,0.26577501930177494,0.0
2016-07-31,SPY,0.013209503116076826,0.0
2016-07-31,TSLA,-0.1612624705499538,0.0
2016-08-31,AAPL,-0.13872017271045012,0.0
2016-08-31,AMZN,0.3952698320518755,0.0
2016-08-31,IBM,0.0566113554676404,0.0
2016-08-31,NOW,-0.06426152222980452,0.0
2016-08-31,NVDA,1.1122514635994585,1.0
2016-08-31,PLUG,0.08771928234615012,0.0
2016-08-31,QUBT,0.0,-1.0
2016-08-31,RHM.DE,-0.016770811677630948,0.0
2016-08-31,SPY,0.08272373615889261,0.0
2016-08-31,TSLA,-0.14767523794185555,0.0
2016-09-30,AAPL,-0.04021231353494925,0.0
2016-09-30,AMZN,0.48236921849491443,0.0
2016-09-30,IBM,0.14067227908852176,0.0
2016-09-30,NOW,0.07876172010172522,0.0
2016-09-30,NVDA,1.3397586350014374,1.0
2016-09-30,PLUG,-0.021857967281024404,0.0
2016-09-30,QUBT,0.0,0.0
2016-09-30,RHM.DE,0.16239766071155803,0.0
2016-09-30,SPY,0.1515959957958002,0.0
2016-09-30,TSLA,-0.05479060686053516,-1.0
2016-10-31,AAPL,-0.09315045217302909,0.0
2016-10-31,AMZN,0.22888640643389913,0.0
2016-10-31,IBM,0.17778875682669848,0.0
2016-10-31,NOW,-0.10998166796221542,0.0
2016-10-31,NVDA,1.1879407667577828,1.0
2016-10-31,PLUG,-0.3568465157203411,0.0
2016-10-31,QUBT,0.0,0.0
2016-10-31,RHM.DE,0.14970154830259297,0.0
2016-10-31,SPY,0.06259133261663985,0.0
2016-10-31,TSLA,0.024549383341208264,-1.0
2016-11-30,AAPL,-0.028106832780309343,0.0
2016-11-30,AMZN,0.2594915550479493,0.0
2016-11-30,IBM,0.17214565457808884,0.0
2016-11-30,NOW,-0.09033444911362332,0.0
2016-11-30,NVDA,1.177657188589639,1.0
2016-11-30,PLUG,-0.22272727223467226,-1.0
2016-11-30,QUBT,-0.5,0.0
2016-11-30,RHM.DE,0.04885993040007608,0.0
2016-11-30,SPY,0.05878330425717526,0.0
2016-11-30,TSLA,-0.11391470893913103,0.0
2016-12-31,AAPL,0.09702927455624488,0.0
2016-12-31,AMZN,0.1685630190681251,0.0
2016-12-31,IBM,0.14890298641917665,0.0
2016-12-31,NOW,0.0155961892512968,0.0
2016-12-31,NVDA,1.176476689277227,1.0
2016-12-31,PLUG,-0.27488149409586304,0.0
2016-12-31,QUBT,0.0,-1.0
2016-12-31,RHM.DE,0.04382592939411434,0.0
2016-12-31,SPY,0.05872440142315871,0.0
2016-12-31,TSLA,-0.17615936329637139,0.0
2017-01-31,AAPL,0.16066315524088837,0.0
2017-01-31,AMZN,0.2786541436287442,0.0
2017-01-31,IBM,0.34947903114665957,0.0
2017-01-31,NOW,0.33660187670108455,0.0
2017-01-31,NVDA,2.1780932497679704,1.0
2017-01-31,PLUG,-0.26737967846258537,-1.0
2017-01-31,QUBT,0.0,0.0
2017-01-31,RHM.DE,0.04321778479597849,0.0
2017-01-31,SPY,0.1552414682473311,0.0
2017-01-31,TSLA,-0.009414216784882079,0.0
2017-02-28,AAPL,0.21789133148813544,0.0
2017-02-28,AMZN,0.35718165863250273,0.0
2017-02-28,IBM,0.30178404394663905,0.0
2017-02-28,NOW,0.3518820525332149,0.0
2017-02-28,NVDA,2.423945169872932,1.0
2017-02-28,PLUG,-0.4230768789906457,-1.0
2017-02-28,QUBT,0.0,0.0
2017-02-28,RHM.DE,-0.012196106540292795,0.0
2017-02-28,SPY,0.1796348298976529,0.0
2017-02-28,TSLA,0.11337472746083477,0.0
2017-03-31,AAPL,0.1320349077421039,0.0
2017-03-31,AMZN,0.38717070571515744,0.0
2017-03-31,IBM,0.18414272215217986,0.0
2017-03-31,NOW,0.4812030450237781,0.0
2017-03-31,NVDA,2.0824984186155717,1.0
2017-03-31,PLUG,-0.48292684515340956,-1.0
2017-03-31,QUBT,0.0,0.0
2017-03-31,RHM.DE,0.025844222017795015,0.0
2017-03-31,SPY,0.12506529014632561,0.0
2017-03-31,TSLA,0.09644431635814188,0.0
2017-04-30,AAPL,0.4922767261501122,0.0
2017-04-30,AMZN,0.2811594819798511,0.0
2017-04-30,IBM,0.27618027548479307,0.0
2017-04-30,NOW,0.2160043940528722,0.0
2017-04-30,NVDA,1.8767929514838908,1.0
2017-04-30,PLUG,-0.4757281199444554,-1.0
2017-04-30,QUBT,1.0000000000000004,0.0
2017-04-30,RHM.DE,0.07342469207812008,0.0
2017-04-30,SPY,0.16468033086131917,0.0
2017-04-30,TSLA,0.038336946648268144,0.0
2017-05-31,AAPL,0.4601371479316889,0.0
2017-05-31,AMZN,0.22655266608703006,0.0
2017-05-31,IBM,0.16195397115600496,0.0
2017-05-31,NOW,0.22113645923013525,0.0
2017-05-31,NVDA,1.3422956451628498,1.0
2017-05-31,PLUG,-0.2812499864182122,-1.0
2017-05-31,QUBT,1.0000000000000004,0.0
2017-05-31,RHM.DE,0.27418588927333576,0.0
2017-05-31,SPY,0.14663054342142523,0.0
2017-05-31,TSLA,0.2466962317240191,0.0
2017-06-30,AAPL,0.5250949596109469,0.0
2017-06-30,AMZN,0.2925715480991333,0.0
2017-06-30,IBM,0.08335093005678806,0.0
2017-06-30,NOW,0.42289158412309247,0.0
2017-06-30,NVDA,1.2289022792162898,1.0
2017-06-30,PLUG,0.20430107113391305,-1.0
2017-06-30,QUBT,2.000000074505805,0.0
2017-06-30,RHM.DE,0.5836463758865416,0.0
2017-06-30,SPY,0.1540009461464884,0.0
2017-06-30,TSLA,0.4795081326475219,0.0
2017-07-31,AAPL,0.49395842254512146,0.0
2017-07-31,AMZN,0.3107629354644952,0.0
2017-07-31,IBM,-0.015672643305028267,-1.0
2017-07-31,NOW,0.3968233326686974,0.0
2017-07-31,NVDA,1.5423470701366213,0.0
2017-07-31,PLUG,0.03910617538763672,0.0
2017-07-31,QUBT,1.0000000000000004,1.0
2017-07-31,RHM.DE,0.387657309173453,0.0
2017-07-31,SPY,0.12910706307656827,0.0
2017-07-31,TSLA,0.45240419323425796,0.0
2017-08-31,AAPL,0.3759392849353631,0.0
2017-08-31,AMZN,0.2585158171365587,0.0
2017-08-31,IBM,-0.005656951743908234,-1.0
2017-08-31,NOW,0.45864872259344414,0.0
2017-08-31,NVDA,1.3656972617516558,1.0
2017-08-31,PLUG,0.31612904813609766,0.0
2017-08-31,QUBT,0.0,0.0
2017-08-31,RHM.DE,0.3059234377748432,0.0
2017-08-31,SPY,0.13494639557797128,0.0
2017-08-31,TSLA,0.7056270361476575,0.0
2017-09-30,AAPL,0.3335817771808913,0.0
2017-09-30,AMZN,0.17970639984910886,0.0
2017-09-30,IBM,-0.06468979409556075,-1.0
2017-09-30,NOW,0.39545160857804196,0.0
2017-09-30,NVDA,1.3807694402996424,1.0
2017-09-30,PLUG,0.32163739184022866,0.0
2017-09-30,QUBT,0.0,0.0
2017-09-30,RHM.DE,0.3855296869455649,0.0
2017-09-30,SPY,0.15820646082394574,0.0
2017-09-30,TSLA,0.5854040856551246,0.0
2017-10-31,AAPL,0.46990346057127197,0.0
2017-10-31,AMZN,0.24154864089037376,0.0
2017-10-31,IBM,-0.03414770086671759,-1.0
2017-10-31,NOW,0.32169261291347206,0.0
2017-10-31,NVDA,1.3923068061491106,1.0
2017-10-31,PLUG,0.39869290517718947,0.0
2017-10-31,QUBT,0.0,0.0
2017-10-31,RHM.DE,0.38381370116545543,0.0
2017-10-31,SPY,0.182079820389196,0.0
2017-10-31,TSLA,0.7999292304502377,0.0
2017-11-30,AAPL,0.4118479245496065,0.0
2017-11-30,AMZN,0.28082661380699103,0.0
2017-11-30,IBM,-0.08016445633451874,-1.0
2017-11-30,NOW,0.41346959257382365,0.0
2017-11-30,NVDA,0.9451393283648617,1.0
2017-11-30,PLUG,0.9051094058478508,0.0
2017-11-30,QUBT,2.000000074505805,0.0
2017-11-30,RHM.DE,0.44123889534884886,0.0
2017-11-30,SPY,0.16305316369637302,0.0
2017-11-30,TSLA,0.8009503006793042,0.0
2017-12-31,AAPL,0.477664012508916,0.0
2017-12-31,AMZN,0.47396216140981484,0.0
2017-12-31,IBM,-0.045414397418536145,-1.0
2017-12-31,NOW,0.699892507018756,0.0
2017-12-31,NVDA,0.9437096051531262,0.0
2017-12-31,PLUG,1.3749998261531262,0.0
2017-12-31,QUBT,2.000000074505805,1.0
2017-12-31,RHM.DE,0.6116807034891272,0.0
2017-12-31,SPY,0.1668058448221479,0.0
2017-12-31,TSLA,0.5514529575350515,0.0
2018-01-31,AAPL,0.43892479194153156,0.0
2018-01-31,AMZN,0.4289964985463033,0.0
2018-01-31,IBM,-0.08353260085862113,-1.0
2018-01-31,NOW,0.35731622458640055,0.0
2018-01-31,NVDA,0.8455024103588236,0.0
2018-01-31,PLUG,1.2358490693352753,0.0
2018-01-31,QUBT,3.999999925494196,1.0
2018-01-31,RHM.DE,0.5349139319020362,0.0
2018-01-31,SPY,0.18133068963671617,0.0
2018-01-31,TSLA,0.2259357462848608,0.0
2018-02-28,AAPL,0.24979246044057213,0.0
2018-02-28,AMZN,0.3839226739212005,0.0
2018-02-28,IBM,-0.1206741202999102,-1.0
2018-02-28,NOW,0.5001150728996913,0.0
2018-02-28,NVDA,0.9117958230256862,0.0
2018-02-28,PLUG,1.1851850012202396,0.0
2018-02-28,QUBT,1.0,1.0
2018-02-28,RHM.DE,0.49286311587584297,0.0
2018-02-28,SPY,0.15045495948983723,0.0
2018-02-28,TSLA,0.24544976163292653,0.0
2018-03-31,AAPL,0.17908985292322765,0.0
2018-03-31,AMZN,0.6365759651609282,0.0
2018-03-31,IBM,-0.031151273946561697,-1.0
2018-03-31,NOW,0.7019548764102648,0.0
2018-03-31,NVDA,1.2624315093206975,0.0
2018-03-31,PLUG,0.398550691461393,1.0
2018-03-31,QUBT,13.999999776482586,0.0
2018-03-31,RHM.DE,0.4733987493069649,0.0
2018-03-31,SPY,0.2137762325064052,0.0
2018-03-31,TSLA,0.2731225243618727,0.0
2018-04-30,AAPL,0.2595737187557896,0.0
2018-04-30,AMZN,0.6350986953264464,0.0
2018-04-30,IBM,0.011825388140823678,-1.0
2018-04-30,NOW,0.704170076058956,0.0
2018-04-30,NVDA,1.3277800943312097,0.0
2018-04-30,PLUG,-0.16964285429186965,0.0
2018-04-30,QUBT,38.99999841054287,1.0
2018-04-30,RHM.DE,0.31595637532422827,0.0
2018-04-30,SPY,0.15814699831532875,0.0
2018-04-30,TSLA,0.09230426993583785,0.0
2018-05-31,AAPL,0.11111262711514791,0.0
2018-05-31,AMZN,0.4551687726087994,0.0
2018-05-31,IBM,0.03611821008659355,0.0
2018-05-31,NOW,0.5809841809445941,0.0
2018-05-31,NVDA,0.6078910149363528,0.0
2018-05-31,PLUG,0.016129016752173708,-1.0
2018-05-31,QUBT,28.99999955296517,1.0
2018-05-31,RHM.DE,0.35022814753127274,0.0
2018-05-31,SPY,0.11072619147696483,0.0
2018-05-31,TSLA,-0.21958295225931557,0.0
2018-06-30,AAPL,0.1608399433698926,0.0
2018-06-30,AMZN,0.617902909652366,0.0
2018-06-30,IBM,-0.028716557112379748,0.0
2018-06-30,NOW,0.5673584848080042,0.0
2018-06-30,NVDA,0.5591749116989069,0.0
2018-06-30,PLUG,-0.10294113865910615,0.0
2018-06-30,QUBT,26.999999105930346,1.0
2018-06-30,RHM.DE,0.30714629082351763,0.0
2018-06-30,SPY,0.10939403785232704,0.0
2018-06-30,TSLA,-0.18724593397438205,-1.0
2018-07-31,AAPL,0.2759695330212866,0.0
2018-07-31,AMZN,0.6497803743406787,0.0
2018-07-31,IBM,0.01795334615968014,0.0
2018-07-31,NOW,0.6080579947284299,0.0
2018-07-31,NVDA,0.5562157728631627,0.0
2018-07-31,PLUG,-0.17256636607991416,0.0
2018-07-31,QUBT,29.99999858438971,1.0
2018-07-31,RHM.DE,0.3116967312565704,0.0
2018-07-31,SPY,0.11347601652442019,0.0
2018-07-31,TSLA,-0.11976379822000449,-1.0
2018-08-31,AAPL,0.1417817932403589,0.0
2018-08-31,AMZN,0.7334285127426294,0.0
2018-08-31,IBM,0.007252011142655945,0.0
2018-08-31,NOW,0.48437901365634684,0.0
2018-08-31,NVDA,0.4008417574959737,0.0
2018-08-31,PLUG,-0.05607482153980292,-1.0
2018-08-31,QUBT,17.99999947845937,1.0
2018-08-31,RHM.DE,0.11755138847844226,0.0
2018-08-31,SPY,0.11662135439543109,0.0
2018-08-31,TSLA,-0.03638668006151624,0.0
2018-09-30,AAPL,0.24897614394984924,0.0
2018-09-30,AMZN,0.8488999775963173,0.0
2018-09-30,IBM,0.030195214820117666,0.0
2018-09-30,NOW,0.4971497365901689,0.0
2018-09-30,NVDA,0.3723449691743492,0.0
2018-09-30,PLUG,-0.2337164442964199,-1.0
2018-09-30,QUBT,7.666666004392862,1.0
2018-09-30,RHM.DE,0.09922138003332304,0.0
2018-09-30,SPY,0.13511648460325976,0.0
2018-09-30,TSLA,-0.12594548589539145,0.0
2018-10-31,AAPL,0.36696511048565417,0.0
2018-10-31,AMZN,0.82099555149862,0.0
2018-10-31,IBM,-0.008884832262719855,0.0
2018-10-31,NOW,0.5538497771826834,0.0
2018-10-31,NVDA,0.36055895798351956,0.0
2018-10-31,PLUG,-0.30877189665583227,-1.0
2018-10-31,QUBT,7.333333002196431,1.0
2018-10-31,RHM.DE,-0.05873024807883198,0.0
2018-10-31,SPY,0.1443829441485096,0.0
2018-10-31,TSLA,-0.09009741527585957,0.0
2018-11-30,AAPL,0.3286721333477911,0.0
2018-11-30,AMZN,0.7021457221773639,0.0
2018-11-30,IBM,0.013586476432087435,0.0
2018-11-30,NOW,0.5904878445757114,0.0
2018-11-30,NVDA,0.40263309243979295,0.0
2018-11-30,PLUG,-0.1898733967104269,-1.0
2018-11-30,QUBT,10.5,1.0
2018-11-30,RHM.DE,-0.14511980553218806,0.0
2018-11-30,SPY,0.11704364821349489,0.0
2018-11-30,TSLA,-0.1427230342683572,0.0
2018-12-31,AAPL,0.30812120778110996,0.0
2018-12-31,AMZN,0.36643947079674,0.0
2018-12-31,IBM,-0.22347915009490393,0.0
2018-12-31,NOW,0.38844998952048027,0.0
2018-12-31,NVDA,0.09150902764425428,0.0
2018-12-31,PLUG,-0.21610164996776804,-1.0
2018-12-31,QUBT,7.749999869614841,1.0
2018-12-31,RHM.DE,-0.2662489270901385,0.0
2018-12-31,SPY,0.027391003301958428,0.0
2018-12-31,TSLA,0.08341101942748108,0.0
2019-01-31,AAPL,0.08260768555896547,0.0
2019-01-31,AMZN,0.16491941518336173,0.0
2019-01-31,IBM,-0.20653043060637255,0.0
2019-01-31,NOW,0.24450870121020718,0.0
2019-01-31,NVDA,-0.3332543955812436,0.0
2019-01-31,PLUG,-0.09326422406208079,0.0
2019-01-31,QUBT,0.16666666666666674,1.0
2019-01-31,RHM.DE,-0.2712464760389237,-1.0
2019-01-31,SPY,-0.00938190017584839,0.0
2019-01-31,TSLA,-0.010809726589853907,0.0
2019-02-28,AAPL,-0.10477158667846176,0.0
2019-02-28,AMZN,-0.006929081460114173,0.0
2019-02-28,IBM,-0.2449903394182653,0.0
2019-02-28,NOW,0.10583199258601561,1.0
2019-02-28,NVDA,-0.44715143676668634,-1.0
2019-02-28,PLUG,-0.33333333333333337,0.0
2019-02-28,QUBT,-0.875,0.0
2019-02-28,RHM.DE,-0.28168188721651877,0.0
2019-02-28,SPY,-0.0625171453074923,0.0
2019-02-28,TSLA,-0.029907305724647948,0.0
2019-03-31,AAPL,0.0028180268242892215,0.0
2019-03-31,AMZN,0.18750956085988757,0.0
2019-03-31,IBM,-0.09320051358216841,0.0
2019-03-31,NOW,0.32982779287260966,1.0
2019-03-31,NVDA,-0.37794570135821925,0.0
2019-03-31,PLUG,-0.2751322671229166,0.0
2019-03-31,QUBT,-0.5541666746139526,-1.0
2019-03-31,RHM.DE,-0.20316982471276235,0.0
2019-03-31,SPY,0.04107894356873043,0.0
2019-03-31,TSLA,0.15364669953013999,0.0
2019-04-30,AAPL,0.06369744503829478,0.0
2019-04-30,AMZN,0.04705864013195904,0.0
2019-04-30,IBM,-0.0022346094933142213,0.0
2019-04-30,NOW,0.44119419357795464,1.0
2019-04-30,NVDA,-0.3118999372891802,0.0
2019-04-30,PLUG,-0.021857967281024404,0.0
2019-04-30,QUBT,0.1339285737093614,-1.0
2019-04-30,RHM.DE,-0.12171811914429076,0.0
2019-04-30,SPY,0.06930027388133775,0.0
2019-04-30,TSLA,0.08839743670241917,0.0
2019-05-31,AAPL,0.027995983228630505,0.0
2019-05-31,AMZN,0.09273935526229793,0.0
2019-05-31,IBM,0.0340656859528945,0.0
2019-05-31,NOW,0.3878160275103226,1.0
2019-05-31,NVDA,-0.28616013925724026,-1.0
2019-05-31,PLUG,0.2834225076190353,0.0
2019-05-31,QUBT,-0.34677414268906326,0.0
2019-05-31,RHM.DE,-0.14867105828657334,0.0
2019-05-31,SPY,0.06281926379013614,0.0
2019-05-31,TSLA,-0.017103939043622507,0.0
2019-06-30,AAPL,0.0963377611013212,0.0
2019-06-30,AMZN,0.13338038381088935,0.0
2019-06-30,IBM,0.03982997180131953,0.0
2019-06-30,NOW,0.5742448416764621,1.0
2019-06-30,NVDA,-0.23399326134769138,0.0
2019-06-30,PLUG,0.23267328368718831,0.0
2019-06-30,QUBT,-0.07894735686336518,-1.0
2019-06-30,RHM.DE,0.08185288055703088,0.0
2019-06-30,SPY,0.09991250187367728,0.0
2019-06-30,TSLA,-0.30400928641605973,0.0
2019-07-31,AAPL,-0.06597879975331111,0.0
2019-07-31,AMZN,-0.0013333755700563055,0.0
2019-07-31,IBM,-0.08180753368942684,0.0
2019-07-31,NOW,0.48857685088471237,1.0
2019-07-31,NVDA,-0.4447255694374187,0.0
2019-07-31,PLUG,0.2799999713897705,0.0
2019-07-31,QUBT,-0.03846150319251662,0.0
2019-07-31,RHM.DE,-0.05770546519849806,0.0
2019-07-31,SPY,-0.0070166348586672145,0.0
2019-07-31,TSLA,-0.37894947656348676,-1.0
2019-08-31,AAPL,-0.1203685905927645,0.0
2019-08-31,AMZN,-0.059163961688779576,0.0
2019-08-31,IBM,-0.024018399900542664,0.0
2019-08-31,NOW,0.398299075528441,1.0
2019-08-31,NVDA,-0.41302691448218887,-1.0
2019-08-31,PLUG,0.1421319631082958,0.0
2019-08-31,QUBT,-0.11000003814697268,0.0
2019-08-31,RHM.DE,0.17071194647309396,0.0
2019-08-31,SPY,0.02922845273579866,0.0
2019-08-31,TSLA,-0.25923224315831284,0.0
2019-09-30,AAPL,-0.045242405750754555,0.0
2019-09-30,AMZN,-0.06800803329904981,0.0
2019-09-30,IBM,0.016343395544583528,0.0
2019-09-30,NOW,0.4179318495370963,1.0
2019-09-30,NVDA,-0.39770870177579964,-1.0
2019-09-30,PLUG,0.1510417122626686,0.0
2019-09-30,QUBT,-0.5652173913043479,0.0
2019-09-30,RHM.DE,0.17268860311058343,0.0
2019-09-30,SPY,0.038614546929477855,0.0
2019-09-30,TSLA,-0.08747218344779806,0.0
2019-10-31,AAPL,-0.03143919856076449,0.0
2019-10-31,AMZN,0.11156377933598516,0.0
2019-10-31,IBM,0.23157143287271031,0.0
2019-10-31,NOW,0.446310241097136,1.0
2019-10-31,NVDA,-0.2021616262933943,0.0
2019-10-31,PLUG,0.17297299909626473,0.0
2019-10-31,QUBT,-0.40714284351893837,-1.0
2019-10-31,RHM.DE,0.43187560566370187,0.0
2019-10-31,SPY,0.09703456455541093,0.0
2019-10-31,TSLA,-0.3311692458874069,0.0
2019-11-30,AAPL,0.26920549336244903,0.0
2019-11-30,AMZN,0.027062397115096948,0.0
2019-11-30,IBM,0.21200473940296471,0.0
2019-11-30,NOW,0.3701624669377126,1.0
2019-11-30,NVDA,0.0684752961933599,0.0
2019-11-30,PLUG,0.5028572082519531,0.0
2019-11-30,QUBT,-0.5,-1.0
2019-11-30,RHM.DE,0.44905836254941756,0.0
2019-11-30,SPY,0.09801312010366492,0.0
2019-11-30,TSLA,-0.31274250695745776,0.0
2019-12-31,AAPL,0.5959289312834204,0.0
2019-12-31,AMZN,0.18288642917002207,0.0
2019-12-31,IBM,0.21851063558255857,0.0
2019-12-31,NOW,0.38871098157161676,0.0
2019-12-31,NVDA,0.5105337312868592,0.0
2019-12-31,PLUG,1.1370968346665231,1.0
2019-12-31,QUBT,0.16666666666666674,-1.0
2019-12-31,RHM.DE,0.4276508146558271,0.0
2019-12-31,SPY,0.23064011181645072,0.0
2019-12-31,TSLA,-0.05372593652294411,0.0
2020-01-31,AAPL,0.6298095316699013,0.0
2020-01-31,AMZN,0.04775037777871893,0.0
2020-01-31,IBM,0.04819660483658139,0.0
2020-01-31,NOW,0.2864285203559054,0.0
2020-01-31,NVDA,0.5136449215603909,0.0
2020-01-31,PLUG,1.846715388170245,1.0
2020-01-31,QUBT,-0.4392523264528849,0.0
2020-01-31,RHM.DE,0.08972961516916378,0.0
2020-01-31,SPY,0.18065779374579605,0.0
2020-01-31,TSLA,0.07465310959417404,-1.0
2020-02-29,AAPL,0.7140585063263851,0.0
2020-02-29,AMZN,0.1268484821979401,0.0
2020-02-29,IBM,0.005220472501335838,0.0
2020-02-29,NOW,0.17908454913796512,0.0
2020-02-29,NVDA,0.5297275311825715,0.0
2020-02-29,PLUG,0.7653632140636599,1.0
2020-02-29,QUBT,-0.527559048022759,-1.0
2020-02-29,RHM.DE,0.11219625846362091,0.0
2020-02-29,SPY,0.17681465435134958,0.0
2020-02-29,TSLA,0.3077716827051391,0.0
2020-03-31,AAPL,0.6468479500049129,0.0
2020-03-31,AMZN,0.12801907882069763,0.0
2020-03-31,IBM,0.055201645860204485,0.0
2020-03-31,NOW,0.3721854981893302,0.0
2020-03-31,NVDA,0.32050061377737604,0.0
2020-03-31,PLUG,0.6124998882412951,1.0
2020-03-31,QUBT,-0.4444444706083477,-1.0
2020-03-31,RHM.DE,0.06362430934054752,0.0
2020-03-31,SPY,0.15542564937422765,0.0
2020-03-31,TSLA,1.3246266337457167,0.0
2020-04-30,AAPL,0.38006656412474604,0.0
2020-04-30,AMZN,-0.022200615398457746,0.0
2020-04-30,IBM,-0.02880606823221421,0.0
2020-04-30,NOW,0.20102384666915452,0.0
2020-04-30,NVDA,0.49727977400431844,0.0
2020-04-30,PLUG,0.7429719421548655,0.0
2020-04-30,QUBT,-0.0028571401323590484,-1.0
2020-04-30,RHM.DE,-0.17809085021646787,0.0
2020-04-30,SPY,0.022196345198880252,0.0
2020-04-30,TSLA,1.7985669834320421,1.0
2020-05-31,AAPL,0.46587134518662787,0.0
2020-05-31,AMZN,0.09839046328067869,0.0
2020-05-31,IBM,-0.09639742784296024,0.0
2020-05-31,NOW,0.09410909245126553,0.0
2020-05-31,NVDA,0.9504917740603476,0.0
2020-05-31,PLUG,0.3828125160071072,0.0
2020-05-31,QUBT,-0.5599999904632569,0.0
2020-05-31,RHM.DE,-0.3278069296411166,-1.0
2020-05-31,SPY,-0.04451462717952692,0.0
2020-05-31,TSLA,1.8299849918361337,1.0
2020-06-30,AAPL,0.49809928071371123,0.0
2020-06-30,AMZN,0.30648534974835817,0.0
2020-06-30,IBM,-0.05814277099873144,0.0
2020-06-30,NOW,0.2803292390556522,0.0
2020-06-30,NVDA,0.7838414238321172,0.0
2020-06-30,PLUG,0.8577777014838324,0.0
2020-06-30,QUBT,-0.6629213338668195,-1.0
2020-06-30,RHM.DE,-0.42573154230378973,0.0
2020-06-30,SPY,0.00675991926767483,0.0
2020-06-30,TSLA,2.4989706795716993,1.0
2020-07-31,AAPL,0.5102074332876554,0.0
2020-07-31,AMZN,0.30833310650884904,0.0
2020-07-31,IBM,-0.11675575514011616,0.0
2020-07-31,NOW,0.3985002061715939,0.0
2020-07-31,NVDA,1.1090929317616354,0.0
2020-07-31,PLUG,0.9049773599447299,0.0
2020-07-31,QUBT,-0.5900000095367431,-1.0
2020-07-31,RHM.DE,-0.2692203679331281,0.0
2020-07-31,SPY,0.03901781206044652,0.0
2020-07-31,TSLA,2.455983097926424,1.0
2020-08-31,AAPL,0.7617914813594246,0.0
2020-08-31,AMZN,0.5531359853292139,0.0
2020-08-31,IBM,-0.07674828336548667,0.0
2020-08-31,NOW,0.546975264374375,0.0
2020-08-31,NVDA,1.2720522422055378,0.0
2020-08-31,PLUG,2.7834100228090763,0.0
2020-08-31,QUBT,-0.3542168662239703,-1.0
2020-08-31,RHM.DE,-0.25485678065165374,0.0
2020-08-31,SPY,0.07545032808028895,0.0
2020-08-31,TSLA,3.78617984257716,1.0
2020-09-30,AAPL,0.9131341554085701,0.0
2020-09-30,AMZN,0.8230667536298637,0.0
2020-09-30,IBM,-0.12407732702983754,0.0
2020-09-30,NOW,0.730155610191056,0.0
2020-09-30,NVDA,1.4435655172041577,0.0
2020-09-30,PLUG,1.9315588223029239,0.0
2020-09-30,QUBT,-0.3571428571428571,-1.0
2020-09-30,RHM.DE,-0.2839094533720925,0.0
2020-09-30,SPY,0.11705095529083298,0.0
2020-09-30,TSLA,4.939967575787055,1.0
2020-10-31,AAPL,1.0955183158495974,0.0
2020-10-31,AMZN,0.9423863180882,0.0
2020-10-31,IBM,-0.032133316336169004,0.0
2020-10-31,NOW,0.9494459262407915,0.0
2020-10-31,NVDA,1.666100631858133,0.0
2020-10-31,PLUG,3.8981128585342955,0.0
2020-10-31,QUBT,0.16857147216796875,-1.0
2020-10-31,RHM.DE,-0.2553917635042412,0.0
2020-10-31,SPY,0.16917331404271452,0.0
2020-10-31,TSLA,6.9118508416087865,1.0
2020-11-30,AAPL,0.7453159839205377,0.0
2020-11-30,AMZN,0.7485172292215299,0.0
2020-11-30,IBM,-0.06120819318846782,0.0
2020-11-30,NOW,0.7135386707106626,0.0
2020-11-30,NVDA,1.5004752546278435,0.0
2020-11-30,PLUG,2.438461415255096,0.0
2020-11-30,QUBT,0.23000001907348633,0.0
2020-11-30,RHM.DE,-0.1773782771931457,-1.0
2020-11-30,SPY,0.0860811118396243,0.0
2020-11-30,TSLA,5.501333175630508,1.0
2020-12-31,AAPL,0.49308358332418933,0.0
2020-12-31,AMZN,0.6430805472896624,0.0
2020-12-31,IBM,-0.13580862512815584,0.0
2020-12-31,NOW,0.7624326807019564,0.0
2020-12-31,NVDA,1.1336121560993866,0.0
2020-12-31,PLUG,3.4303796264991986,0.0
2020-12-31,QUBT,0.138333320617676,0.0
2020-12-31,RHM.DE,-0.3658532864891789,-1.0
2020-12-31,SPY,0.029100375171228654,0.0
2020-12-31,TSLA,3.637965247936747,1.0
2021-01-31,AAPL,0.5518478542374041,0.0
2021-01-31,AMZN,0.5771436289243972,0.0
2021-01-31,IBM,-0.09554120076196881,0.0
2021-01-31,NOW,0.5804333454448436,0.0
2021-01-31,NVDA,1.2703796738850253,0.0
2021-01-31,PLUG,5.819121490965107,0.0
2021-01-31,QUBT,1.36444452073839,0.0
2021-01-31,RHM.DE,-0.20161627739758636,-1.0
2021-01-31,SPY,0.14150314028044675,0.0
2021-01-31,TSLA,3.362328274639201,1.0
2021-02-28,AAPL,0.9537463311483514,0.0
2021-02-28,AMZN,0.7289608130806238,0.0
2021-02-28,IBM,0.007395518699630399,0.0
2021-02-28,NOW,0.6879695754463813,0.0
2021-02-28,NVDA,0.9356051190684662,0.0
2021-02-28,PLUG,6.813363745434889,1.0
2021-02-28,QUBT,3.042979833272317,0.0
2021-02-28,RHM.DE,0.0892671919010053,-1.0
2021-02-28,SPY,0.2855674449945327,0.0
2021-02-28,TSLA,4.2820401900946985,0.0
2021-03-31,AAPL,1.0887092227210786,0.0
2021-03-31,AMZN,0.6444412270297788,0.0
2021-03-31,IBM,0.11837319378259203,-1.0
2021-03-31,NOW,0.8953171840126559,0.0
2021-03-31,NVDA,0.9732028803366195,0.0
2021-03-31,PLUG,16.844632443407914,1.0
2021-03-31,QUBT,4.086363335384817,0.0
2021-03-31,RHM.DE,0.41204457427690766,0.0
2021-03-31,SPY,0.45403371163611306,0.0
2021-03-31,TSLA,6.571851204097509,0.0
2021-04-30,AAPL,0.6637158506674579,0.0
2021-04-30,AMZN,0.25017383548113825,0.0
2021-04-30,IBM,-0.0002475277756290861,-1.0
2021-04-30,NOW,0.5174944785964171,0.0
2021-04-30,NVDA,0.8788724540559407,0.0
2021-04-30,PLUG,10.574163410275613,1.0
2021-04-30,QUBT,4.900000254313151,0.0
2021-04-30,RHM.DE,0.38413471382304065,0.0
2021-04-30,SPY,0.32607408040434693,0.0
2021-04-30,TSLA,3.3197167986781366,0.0
2021-05-31,AAPL,0.5444991985447047,0.0
2021-05-31,AMZN,0.26683504186722296,0.0
2021-05-31,IBM,0.11123064270664407,-1.0
2021-05-31,NOW,0.28917586882625335,0.0
2021-05-31,NVDA,0.5060446311527531,0.0
2021-05-31,PLUG,7.51306409212358,1.0
2021-05-31,QUBT,2.4146342257670477,0.0
2021-05-31,RHM.DE,0.18421053224484418,0.0
2021-05-31,SPY,0.3232314379122472,0.0
2021-05-31,TSLA,2.9995806117353476,0.0
2021-06-30,AAPL,0.44869963033846316,0.0
2021-06-30,AMZN,0.2568490108683521,0.0
2021-06-30,IBM,0.22356989371622982,-1.0
2021-06-30,NOW,0.2501110901328607,0.0
2021-06-30,NVDA,0.5818071887723504,0.0
2021-06-30,PLUG,2.472594408820082,1.0
2021-06-30,QUBT,1.2798507392977418,0.0
2021-06-30,RHM.DE,0.12305684215457324,0.0
2021-06-30,SPY,0.36896698993074106,0.0
2021-06-30,TSLA,2.285022220281565,0.0
2021-07-31,AAPL,0.18059112730227,0.0
2021-07-31,AMZN,0.018450585885875004,0.0
2021-07-31,IBM,0.23133615920367956,0.0
2021-07-31,NOW,0.0789617297629619,0.0
2021-07-31,NVDA,0.5318087922339314,0.0
2021-07-31,PLUG,2.9818418431963996,1.0
2021-07-31,QUBT,1.6555555131700306,0.0
2021-07-31,RHM.DE,0.0834007417054925,-1.0
2021-07-31,SPY,0.3013176420663062,0.0
2021-07-31,TSLA,1.1849225878511351,0.0
2021-08-31,AAPL,0.06660498963382921,0.0
2021-08-31,AMZN,-0.0031296133941439708,-1.0
2021-08-31,IBM,0.2358019369518365,0.0
2021-08-31,NOW,0.14009792190875614,0.0
2021-08-31,NVDA,0.49731886470916753,0.0
2021-08-31,PLUG,1.6340523753838574,1.0
2021-08-31,QUBT,0.2713935489647621,0.0
2021-08-31,RHM.DE,0.09999701085378065,0.0
2021-08-31,SPY,0.24369731453431775,0.0
2021-08-31,TSLA,0.3639829148848239,0.0
2021-09-30,AAPL,0.26568105333475955,0.0
2021-09-30,AMZN,0.05680391030687093,-1.0
2021-09-30,IBM,0.20435704199698268,0.0
2021-09-30,NOW,0.21214436009987114,0.0
2021-09-30,NVDA,0.4423683549644959,0.0
2021-09-30,PLUG,1.0343028334866133,1.0
2021-09-30,QUBT,1.5311653137543222,0.0
2021-09-30,RHM.DE,0.0799604378561789,0.0
2021-09-30,SPY,0.3236196337008941,0.0
2021-09-30,TSLA,0.6018275335989653,0.0
2021-10-31,AAPL,0.40369783767648393,0.0
2021-10-31,AMZN,0.1431550521989664,-1.0
2021-10-31,IBM,0.3215942047080058,0.0
2021-10-31,NOW,0.293566744727519,0.0
2021-10-31,NVDA,0.7878110611828233,0.0
2021-10-31,PLUG,0.8614285332815987,0.0
2021-10-31,QUBT,1.213762819100407,1.0
2021-10-31,RHM.DE,0.352835085483477,0.0
2021-10-31,SPY,0.3978640533183684,0.0
2021-10-31,TSLA,0.8959901793859357,0.0
2021-11-30,AAPL,0.19416068619955662,0.0
2021-11-30,AMZN,0.03693139208785867,-1.0
2021-11-30,IBM,0.1657908542873776,0.0
2021-11-30,NOW,0.16410070852392433,0.0
2021-11-30,NVDA,0.5474149619996314,0.0
2021-11-30,PLUG,-0.03220911306479646,0.0
2021-11-30,QUBT,0.1701127262724449,1.0
2021-11-30,RHM.DE,0.1642865174236845,0.0
2021-11-30,SPY,0.20196968931196668,0.0
2021-11-30,TSLA,0.3662439288446846,0.0
2021-12-31,AAPL,0.13425185632511427,0.0
2021-12-31,AMZN,0.03546290080833492,0.0
2021-12-31,IBM,0.030059978665934795,0.0
2021-12-31,NOW,0.2676634977204544,0.0
2021-12-31,NVDA,0.9598777153051019,1.0
2021-12-31,PLUG,0.12857565998144072,-1.0
2021-12-31,QUBT,-0.5570517255794315,0.0
2021-12-31,RHM.DE,-0.008469803996768555,0.0
2021-12-31,SPY,0.2403509299617832,0.0
2021-12-31,TSLA,0.5786416561513419,0.0
2022-01-31,AAPL,0.26037465869980814,0.0
2022-01-31,AMZN,0.0938400788267666,0.0
2022-01-31,IBM,0.08008824838961615,0.0
2022-01-31,NOW,0.1924663897033565,0.0
2022-01-31,NVDA,1.51741028779292,1.0
2022-01-31,PLUG,-0.36916258304228433,0.0
2022-01-31,QUBT,-0.5263627891437939,-1.0
2022-01-31,RHM.DE,-0.07829443379964973,0.0
2022-01-31,SPY,0.24305251248436033,0.0
2022-01-31,TSLA,0.4426171253783113,0.0
2022-02-28,AAPL,0.4712033572710004,0.0
2022-02-28,AMZN,0.07805217469553027,0.0
2022-02-28,IBM,0.21841622815983475,0.0
2022-02-28,NOW,0.2167921842601246,0.0
2022-02-28,NVDA,1.1463913413670639,1.0
2022-02-28,PLUG,-0.4164944415257307,0.0
2022-02-28,QUBT,-0.6146892724467445,-1.0
2022-02-28,RHM.DE,0.029387880569486935,0.0
2022-02-28,SPY,0.26535701305531534,0.0
2022-02-28,TSLA,0.5644411627318984,0.0
2022-03-31,AAPL,0.4375364500363419,0.0
2022-03-31,AMZN,-0.03316328820287373,0.0
2022-03-31,IBM,0.08666258996408671,0.0
2022-03-31,NOW,0.17130240637984673,0.0
2022-03-31,NVDA,0.8353663192004825,1.0
2022-03-31,PLUG,-0.3897879256104234,0.0
2022-03-31,QUBT,-0.6157142775399345,-1.0
2022-03-31,RHM.DE,0.09148620890441683,0.0
2022-03-31,SPY,0.14656715617723837,0.0
2022-03-31,TSLA,0.40242241308825943,0.0
2022-04-30,AAPL,0.263512691360988,0.0
2022-04-30,AMZN,-0.11425208602467762,0.0
2022-04-30,IBM,-0.05259397310759906,0.0
2022-04-30,NOW,0.14524949839483936,0.0
2022-04-30,NVDA,0.625495576909995,1.0
2022-04-30,PLUG,-0.11294280208712515,0.0
2022-04-30,QUBT,-0.5515548363890582,-1.0
2022-04-30,RHM.DE,0.5778282236074919,0.0
2022-04-30,SPY,0.05680739422076386,0.0
2022-04-30,TSLA,0.22692551719572274,0.0
2022-05-31,AAPL,0.4071900301979561,0.0
2022-05-31,AMZN,0.011442470076759026,0.0
2022-05-31,IBM,-0.018494738537610522,0.0
2022-05-31,NOW,0.1751709481520598,0.0
2022-05-31,NVDA,0.6808806001806529,1.0
2022-05-31,PLUG,-0.06807817917421388,0.0
2022-05-31,QUBT,-0.5648535655010265,-1.0
2022-05-31,RHM.DE,1.262661855906761,0.0
2022-05-31,SPY,0.08938045711544462,0.0
2022-05-31,TSLA,0.7235534065072848,0.0
2022-06-30,AAPL,0.1559439722555951,0.0
2022-06-30,AMZN,-0.2774667169828461,0.0
2022-06-30,IBM,-0.021366329779444637,0.0
2022-06-30,NOW,-0.13001543676927596,0.0
2022-06-30,NVDA,-0.07233093169031501,0.0
2022-06-30,PLUG,-0.38520031289667855,0.0
2022-06-30,QUBT,-0.7057692254788774,-1.0
2022-06-30,RHM.DE,1.578631478030824,1.0
2022-06-30,SPY,-0.02803242335743006,0.0
2022-06-30,TSLA,0.28109457577995745,0.0
2022-07-31,AAPL,0.02626062100202664,0.0
2022-07-31,AMZN,-0.27749811603189223,0.0
2022-07-31,IBM,0.08172130374402231,0.0
2022-07-31,NOW,-0.20483425543423528,0.0
2022-07-31,NVDA,-0.04196296983641312,0.0
2022-07-31,PLUG,-0.32258067899232423,0.0
2022-07-31,QUBT,-0.7569593207878534,-1.0
2022-07-31,RHM.DE,1.3688147927820742,1.0
2022-07-31,SPY,-0.049053091326729636,0.0
2022-07-31,TSLA,0.10340509693738631,0.0
2022-08-31,AAPL,-0.09572918638319661,0.0
2022-08-31,AMZN,-0.3879779760724553,0.0
2022-08-31,IBM,0.092314286595373,0.0
2022-08-31,NOW,-0.2612019479966522,0.0
2022-08-31,NVDA,-0.3224637984327611,0.0
2022-08-31,PLUG,-0.3641596302993242,0.0
2022-08-31,QUBT,-0.6851851676647134,-1.0
2022-08-31,RHM.DE,1.7084803506905382,1.0
2022-08-31,SPY,-0.15268456592428503,0.0
2022-08-31,TSLA,-0.08467899768100517,0.0
2022-09-30,AAPL,0.15331419755135056,0.0
2022-09-30,AMZN,-0.17839662317120875,0.0
2022-09-30,IBM,0.022124461136492135,0.0
2022-09-30,NOW,-0.28220870419151156,0.0
2022-09-30,NVDA,-0.12279588634338934,0.0
2022-09-30,PLUG,-0.16444794880120828,0.0
2022-09-30,QUBT,-0.5068273124055566,-1.0
2022-09-30,RHM.DE,1.1485568640854695,1.0
2022-09-30,SPY,-0.029423342091305593,0.0
2022-09-30,TSLA,0.14954600244855265,0.0
2022-10-31,AAPL,0.055413651664639296,0.0
2022-10-31,AMZN,-0.24819793247154798,0.0
2022-10-31,IBM,0.12885885657195062,0.0
2022-10-31,NOW,-0.37712108886381335,0.0
2022-10-31,NVDA,-0.4093318057268497,0.0
2022-10-31,PLUG,-0.26731119466608244,0.0
2022-10-31,QUBT,-0.5263999938964844,-1.0
2022-10-31,RHM.DE,0.9242221168852718,1.0
2022-10-31,SPY,-0.13006286733558992,0.0
2022-10-31,TSLA,-0.2577828245924445,0.0
2022-11-30,AAPL,-0.16048473415574382,0.0
2022-11-30,AMZN,-0.3555874290275981,0.0
2022-11-30,IBM,0.05237437014069979,0.0
2022-11-30,NOW,-0.41699864407156595,0.0
2022-11-30,NVDA,-0.6282063002905052,0.0
2022-11-30,PLUG,-0.4727728724374757,0.0
2022-11-30,QUBT,-0.5264151131822437,-1.0
2022-11-30,RHM.DE,1.0493902536764828,1.0
2022-11-30,SPY,-0.20408988260869887,0.0
2022-11-30,TSLA,-0.30487613717138873,0.0
2022-12-31,AAPL,-0.1328798610086942,0.0
2022-12-31,AMZN,-0.38554553304902595,0.0
2022-12-31,IBM,0.0731575764892134,0.0
2022-12-31,NOW,-0.35182018497759004,0.0
2022-12-31,NVDA,-0.5407784640737703,-1.0
2022-12-31,PLUG,-0.433935536614946,0.0
2022-12-31,QUBT,-0.3460410665854132,0.0
2022-12-31,RHM.DE,1.0170897302161714,1.0
2022-12-31,SPY,-0.17744323382891847,0.0
2022-12-31,TSLA,-0.35405669965907915,0.0
2023-01-31,AAPL,-0.1481340550353979,0.0
2023-01-31,AMZN,-0.35456481334409395,0.0
2023-01-31,IBM,0.1700577827287526,0.0
2023-01-31,NOW,-0.2893236932425588,0.0
2023-01-31,NVDA,-0.3082241516671953,-1.0
2023-01-31,PLUG,-0.2702332224187325,0.0
2023-01-31,QUBT,-0.17843866500488625,0.0
2023-01-31,RHM.DE,1.149749403468173,1.0
2023-01-31,SPY,-0.08337191797158527,0.0
2023-01-31,TSLA,-0.37644118934895054,0.0
2023-02-28,AAPL,-0.2095579463702506,0.0
2023-02-28,AMZN,-0.45299324665723695,0.0
2023-02-28,IBM,0.1926972466592436,0.0
2023-02-28,NOW,-0.33047661667864203,0.0
2023-02-28,NVDA,-0.4001368020146636,0.0
2023-02-28,PLUG,-0.5108738854191084,0.0
2023-02-28,QUBT,-0.4489051148877349,0.0
2023-02-28,RHM.DE,0.41832082193751186,1.0
2023-02-28,SPY,-0.1099230395431644,0.0
2023-02-28,TSLA,-0.5754512240285663,-1.0
2023-03-31,AAPL,-0.1699057982333727,0.0
2023-03-31,AMZN,-0.36729091674339875,0.0
2023-03-31,IBM,0.07467144085310684,0.0
2023-03-31,NOW,-0.18272909746795463,0.0
2023-03-31,NVDA,-0.28344428652898324,0.0
2023-03-31,PLUG,-0.40510310749152656,0.0
2023-03-31,QUBT,-0.32307690191551,0.0
2023-03-31,RHM.DE,0.13458655432310107,1.0
2023-03-31,SPY,-0.0882225157159201,0.0
2023-03-31,TSLA,-0.5177617056402973,-1.0
2023-04-30,AAPL,-0.05928953774939527,0.0
2023-04-30,AMZN,-0.24180186097763468,0.0
2023-04-30,IBM,0.026733468788517456,0.0
2023-04-30,NOW,-0.09606775170347259,0.0
2023-04-30,NVDA,0.25269596447777,0.0
2023-04-30,PLUG,-0.2925785175201129,0.0
2023-04-30,QUBT,-0.05882347441324487,0.0
2023-04-30,RHM.DE,0.14080819462273841,1.0
2023-04-30,SPY,-0.025627286913610048,0.0
2023-04-30,TSLA,-0.2912742491053274,-1.0
2023-05-31,AAPL,0.11297713843969204,0.0
2023-05-31,AMZN,-0.14075012217490368,0.0
2023-05-31,IBM,-0.020641016572092163,0.0
2023-05-31,NOW,-0.00588273042723364,0.0
2023-05-31,NVDA,0.48901864412936824,1.0
2023-05-31,PLUG,-0.3658008356416588,-1.0
2023-05-31,QUBT,-0.42290750934506316,0.0
2023-05-31,RHM.DE,0.45300061535587055,0.0
2023-05-31,SPY,0.008224305481348226,0.0
2023-05-31,TSLA,-0.17919969776223055,0.0
2023-06-30,AAPL,0.2467627552307503,0.0
2023-06-30,AMZN,-0.007155655237563785,0.0
2023-06-30,IBM,-0.07132335284914049,0.0
2023-06-30,NOW,-0.033857621042034935,0.0
2023-06-30,NVDA,0.831853078618122,1.0
2023-06-30,PLUG,-0.45503923359806764,0.0
2023-06-30,QUBT,-0.5168067559407296,-1.0
2023-06-30,RHM.DE,0.20517474080467557,0.0
2023-06-30,SPY,0.11638863878313344,0.0
2023-06-30,TSLA,-0.26801995012740054,0.0
2023-07-31,AAPL,0.0972149790656176,0.0
2023-07-31,AMZN,-0.10648384914524223,0.0
2023-07-31,IBM,0.03371662687016075,0.0
2023-07-31,NOW,0.21967497611223719,0.0
2023-07-31,NVDA,1.0845319467754102,1.0
2023-07-31,PLUG,-0.6101218540143611,0.0
2023-07-31,QUBT,-0.6188925138350732,-1.0
2023-07-31,RHM.DE,0.34370553662055014,0.0
2023-07-31,SPY,0.02697106272999461,0.0
2023-07-31,TSLA,-0.31371362320531426,0.0
2023-08-31,AAPL,0.23939454254631642,0.0
2023-08-31,AMZN,0.028319034963715906,0.0
2023-08-31,IBM,0.08164749904441293,0.0
2023-08-31,NOW,0.2930145345742776,0.0
2023-08-31,NVDA,1.8048865252894455,1.0
2023-08-31,PLUG,-0.6294579171155013,0.0
2023-08-31,QUBT,-0.6013513742092316,-1.0
2023-08-31,RHM.DE,0.6096001939288371,0.0
2023-08-31,SPY,0.14003414199729058,0.0
2023-08-31,TSLA,-0.050215874146347095,0.0
2023-09-30,AAPL,0.4279953132635608,0.0
2023-09-30,AMZN,0.183008784741427,0.0
2023-09-30,IBM,0.26003686467023646,0.0
2023-09-30,NOW,0.5439210365616134,0.0
2023-09-30,NVDA,2.851531238768595,1.0
2023-09-30,PLUG,-0.3755354715549504,-1.0
2023-09-30,QUBT,-0.4342629631554006,0.0
2023-09-30,RHM.DE,0.6540464525033429,0.0
2023-09-30,SPY,0.2972793400511111,0.0
2023-09-30,TSLA,0.0082186340274506,0.0
2023-10-31,AAPL,0.23245411412224493,0.0
2023-10-31,AMZN,0.34722755971989616,0.0
2023-10-31,IBM,0.11512745795350354,0.0
2023-10-31,NOW,0.39951045956395426,0.0
2023-10-31,NVDA,2.6586739451257384,1.0
2023-10-31,PLUG,-0.47058821774139836,0.0
2023-10-31,QUBT,-0.47085204598420793,-1.0
2023-10-31,RHM.DE,0.5530027346587596,0.0
2023-10-31,SPY,0.180268933573009,0.0
2023-10-31,TSLA,0.13421813389845982,0.0
2023-11-30,AAPL,0.16152430132405038,0.0
2023-11-30,AMZN,0.3167599082354706,0.0
2023-11-30,IBM,-0.022051241301286884,0.0
2023-11-30,NOW,0.3426856554476625,0.0
2023-11-30,NVDA,1.5713218434117224,1.0
2023-11-30,PLUG,-0.5238095309230988,0.0
2023-11-30,QUBT,-0.5113122062111384,-1.0
2023-11-30,RHM.DE,0.27544334387611813,0.0
2023-11-30,SPY,0.06507439151463967,0.0
2023-11-30,TSLA,0.2851566776717518,0.0
2023-12-31,AAPL,0.31993060533411,0.0
2023-12-31,AMZN,0.5844047183082217,0.0
2023-12-31,IBM,0.06551937307072242,0.0
2023-12-31,NOW,0.4985705618505818,0.0
2023-12-31,NVDA,1.7914675733138652,1.0
2023-12-31,PLUG,-0.5238480257900675,-1.0
2023-12-31,QUBT,-0.5185430445800114,0.0
2023-12-31,RHM.DE,0.4774834599798867,0.0
2023-12-31,SPY,0.10567083543741806,0.0
2023-12-31,TSLA,0.630459456407809,0.0
2024-01-31,AAPL,0.3238044580893442,0.0
2024-01-31,AMZN,0.41656162347128234,0.0
2024-01-31,IBM,0.23532186469657135,0.0
2024-01-31,NOW,0.5066903585294058,0.0
2024-01-31,NVDA,1.3947708787776056,1.0
2024-01-31,PLUG,-0.7626322060402659,-1.0
2024-01-31,QUBT,-0.4937500126998534,0.0
2024-01-31,RHM.DE,0.3111155534721963,0.0
2024-01-31,SPY,0.1352727933089144,0.0
2024-01-31,TSLA,0.3859831436276453,0.0
2024-02-29,AAPL,0.31138281034762416,0.0
2024-02-29,AMZN,0.6124376210183617,0.0
2024-02-29,IBM,0.3115981388786133,0.0
2024-02-29,NOW,0.6347501406469314,0.0
2024-02-29,NVDA,1.1340442830076864,1.0
2024-02-29,PLUG,-0.6973772673414644,-1.0
2024-02-29,QUBT,-0.3659722560257809,0.0
2024-02-29,RHM.DE,0.21264002405676918,0.0
2024-02-29,SPY,0.21772088418377367,0.0
2024-02-29,TSLA,0.20791399357233442,0.0
2024-03-31,AAPL,0.12278982995402177,0.0
2024-03-31,AMZN,0.5025655491587022,0.0
2024-03-31,IBM,0.45275980100071833,0.0
2024-03-31,NOW,0.6470133035022125,0.0
2024-03-31,NVDA,1.215640721583418,1.0
2024-03-31,PLUG,-0.6203071921607322,-1.0
2024-03-31,QUBT,-0.38091601150087595,0.0
2024-03-31,RHM.DE,0.20682821576075017,0.0
2024-03-31,SPY,0.19288524336359014,0.0
2024-03-31,TSLA,-0.0972236227464951,0.0
2024-04-30,AAPL,0.07092625537899777,0.0
2024-04-30,AMZN,0.6762446621368294,0.0
2024-04-30,IBM,0.5316198150557192,0.0
2024-04-30,NOW,0.6789430244897214,0.0
2024-04-30,NVDA,1.8517659269964453,1.0
2024-04-30,PLUG,-0.6090808332473477,-1.0
2024-04-30,QUBT,-0.27739131507440884,0.0
2024-04-30,RHM.DE,0.6234800286447519,0.0
2024-04-30,SPY,0.23540276391430126,0.0
2024-04-30,TSLA,0.22865320359353736,0.0
2024-05-31,AAPL,-0.028732571573956145,0.0
2024-05-31,AMZN,0.4959363256234144,0.0
2024-05-31,IBM,0.5330051700522633,0.0
2024-05-31,NOW,0.3994639733729972,0.0
2024-05-31,NVDA,1.3889883871592734,1.0
2024-05-31,PLUG,-0.5865384394953228,-1.0
2024-05-31,QUBT,-0.15384611465835174,0.0
2024-05-31,RHM.DE,1.2038915557027106,0.0
2024-05-31,SPY,0.26994053741666124,0.0
2024-05-31,TSLA,-0.13798852743738832,0.0
2024-06-30,AAPL,-0.11840683616196179,0.0
2024-06-30,AMZN,0.3424363238772774,0.0
2024-06-30,IBM,0.28218547820525575,0.0
2024-06-30,NOW,0.23374922724494307,0.0
2024-06-30,NVDA,1.042947877355362,1.0
2024-06-30,PLUG,-0.7776708501974124,-1.0
2024-06-30,QUBT,-0.3491525077847205,0.0
2024-06-30,RHM.DE,1.0622010036755607,0.0
2024-06-30,SPY,0.14456906727542118,0.0
2024-06-30,TSLA,-0.29984334923235056,0.0
2024-07-31,AAPL,-0.016182367789790986,0.0
2024-07-31,AMZN,0.3198684328875776,0.0
2024-07-31,IBM,0.20647852574356085,0.0
2024-07-31,NOW,0.12680959292586835,0.0
2024-07-31,NVDA,1.346654334161546,0.0
2024-07-31,PLUG,-0.7461890279914318,-1.0
2024-07-31,QUBT,-0.49014084577986095,0.0
2024-07-31,RHM.DE,1.0731602295916463,1.0
2024-07-31,SPY,0.16434823194060266,0.0
2024-07-31,TSLA,-0.33410609614401043,0.0
2024-08-31,AAPL,0.1255283222773278,0.0
2024-08-31,AMZN,0.40026090639709366,0.0
2024-08-31,IBM,0.214045243813886,0.0
2024-08-31,NOW,0.3359882480144114,0.0
2024-08-31,NVDA,1.5038392458459318,1.0
2024-08-31,PLUG,-0.72458629867614,-1.0
2024-08-31,QUBT,-0.5745762740973255,0.0
2024-08-31,RHM.DE,0.913871333927391,0.0
2024-08-31,SPY,0.22534084190662873,0.0
2024-08-31,TSLA,-0.23326094552704257,0.0
2024-09-30,AAPL,0.30225076185820154,0.0
2024-09-30,AMZN,0.4708935784110222,0.0
2024-09-30,IBM,0.4115270432257401,0.0
2024-09-30,NOW,0.4569736343116799,0.0
2024-09-30,NVDA,1.69076018561818,1.0
2024-09-30,PLUG,-0.6749999921572836,-1.0
2024-09-30,QUBT,-0.368518560830456,0.0
2024-09-30,RHM.DE,1.0884228308025552,0.0
2024-09-30,SPY,0.30193516315109314,0.0
2024-09-30,TSLA,-0.0725361434255426,0.0
2024-10-31,AAPL,0.3478469498456147,0.0
2024-10-31,AMZN,0.34119772268098836,0.0
2024-10-31,IBM,0.4529587188189961,0.0
2024-10-31,NOW,0.4694509510617295,0.0
2024-10-31,NVDA,1.927805536470804,1.0
2024-10-31,PLUG,-0.6808149341515395,-1.0
2024-10-31,QUBT,-0.11004124280685901,0.0
2024-10-31,RHM.DE,1.0265842950560633,0.0
2024-10-31,SPY,0.36192107131890205,0.0
2024-10-31,TSLA,0.06607251799654312,0.0
2024-11-30,AAPL,0.231293391335895,0.0
2024-11-30,AMZN,0.27544668698665187,0.0
2024-11-30,IBM,0.4334056650749183,0.0
2024-11-30,NOW,0.30426987981661857,0.0
2024-11-30,NVDA,1.5973216560018302,1.0
2024-11-30,PLUG,-0.44059405648443073,-1.0
2024-11-30,QUBT,-0.2671155813035142,0.0
2024-11-30,RHM.DE,0.7817899839451079,0.0
2024-11-30,SPY,0.2741423662256486,0.0
2024-11-30,TSLA,0.08976175811145914,0.0
2024-12-31,AAPL,0.17782817050145594,0.0
2024-12-31,AMZN,0.22679999276929852,0.0
2024-12-31,IBM,0.29940713520280515,0.0
2024-12-31,NOW,0.32059902211050373,0.0
2024-12-31,NVDA,1.6814040005805158,1.0
2024-12-31,PLUG,-0.5644444359673393,-1.0
2024-12-31,QUBT,0.22672510402740675,0.0
2024-12-31,RHM.DE,0.6669971976719122,0.0
2024-12-31,SPY,0.20763764200630952,0.0
2024-12-31,TSLA,0.005513564067663568,0.0
